<?xml version="1.0" encoding="utf-8"?> 
<LinearLayout xmlns:android="http://schemas.android.com/apk/res/android" 
xmlns:app="http://schemas.android.com/apk/res-auto" 
xmlns:tools="http://schemas.android.com/tools" 
android:background="@drawable/back" 
android:orientation="vertical" 
android:layout_width="match_parent" 
android:layout_height="match_parent" 
tools:context=".login"> 
<TextView 
android:id="@+id/loginscrn" 
android:layout_width="wrap_content" 
android:layout_height="wrap_content" 
android:layout_marginTop="80dp" 
android:layout_marginBottom="30dp" 
android:text="Login" 
android:textSize="35dp" 
android:textStyle="bold" 
android:layout_gravity="center"/> 
<TextView 
android:id="@+id/fstTxt" 
android:layout_width="wrap_content" 
android:layout_height="wrap_content" 
android:layout_marginLeft="100dp" 
android:layout_marginTop="20dp" 
android:text="Email"/> 
<EditText 
android:id="@+id/txtEmail" 
android:layout_width="wrap_content" 
android:layout_height="wrap_content" 
android:layout_marginLeft="100dp" 
android:ems="10"/> 
<TextView 
android:id="@+id/secTxt" 
android:layout_width="wrap_content" 
android:layout_height="wrap_content" 
android:text="Password" 
android:layout_marginLeft="100dp" /> 
<EditText 
android:id="@+id/txtPwd" 
android:layout_width="wrap_content" 
android:layout_height="wrap_content" 
android:layout_marginLeft="100dp"  
android:inputType="textPassword" 
android:ems="10" /> 
<ProgressBar 
android:id="@+id/progressBar" 
android:visibility="gone" 
android:layout_gravity="center_horizontal" 
android:layout_width="wrap_content" 
android:layout_height="wrap_content"/> 
<Button 
android:id="@+id/btnLogin" 
android:layout_width="wrap_content" 
android:layout_height="wrap_content" 
android:layout_gravity="center_horizontal" 
android:layout_marginTop="20dp" 
android:text="Login" /> 
<TextView android:id="@+id/lnkRegister" 
android:layout_width="match_parent" 
android:layout_height="wrap_content" 
android:layout_marginTop="40dp" 
android:text="don't have account? Register here" 
android:gravity="center" 
android:textSize="20dp" 
android:textColor="#3F51B5"/> 
</LinearLayout> 