<?xml version="1.0" encoding="utf-8"?> 
<LinearLayout xmlns:android="http://schemas.android.com/apk/res/android" 
xmlns:app="http://schemas.android.com/apk/res-auto" 
xmlns:tools="http://schemas.android.com/tools" 
android:background="@drawable/registerback" 
android:orientation="vertical" 
android:layout_width="match_parent" 
android:layout_height="match_parent" 
tools:context=".register"> 
<TextView 
android:id="@+id/loginscrn" 
android:layout_width="wrap_content" 
android:layout_height="wrap_content" 
android:layout_marginTop="80dp" 
android:text="Registration" 
android:textSize="25dp" 
android:textStyle="bold" 
android:layout_gravity="center"/> 
<TextView 
android:id="@+id/fstTxt" 
android:layout_width="wrap_content" 
android:layout_height="wrap_content" 
android:layout_marginLeft="100dp" 
android:layout_marginTop="20dp" 
android:text="Full Name"/> 
<EditText 
android:id="@+id/txtName" 
android:layout_width="wrap_content" 
android:layout_height="wrap_content" 
android:layout_marginLeft="100dp" 
android:ems="10"/> 
<TextView 
android:id="@+id/secTxt" 
android:layout_width="wrap_content" 
android:layout_height="wrap_content" 
android:text="Email" 
android:layout_marginLeft="100dp" /> 
<EditText 
android:id="@+id/txtEmail" 
android:layout_width="wrap_content" 
android:layout_height="wrap_content" 
android:layout_marginLeft="100dp" 
android:ems="10" /> 
<TextView 
android:id="@+id/thirdTxt" 
android:layout_width="wrap_content" 
android:layout_height="wrap_content" 
android:text="Password" 
android:layout_marginLeft="100dp" /> 
<EditText 
android:id="@+id/txtPwd" 
android:layout_width="wrap_content" 
android:layout_height="wrap_content" 
android:layout_marginLeft="100dp" 
android:inputType="textPassword" 
android:ems="10" /> 
<ProgressBar 
android:id="@+id/progessBar" 
android:visibility="gone" 
android:layout_gravity="center_horizontal" 
android:layout_width="wrap_content" 
android:layout_height="wrap_content"/> 
<Button 
android:id="@+id/btnRegister" 
android:layout_width="wrap_content" 
android:layout_height="wrap_content" 
android:layout_marginTop="20dp" 
android:layout_gravity="center_horizontal" 
android:text="Register" /> 
<TextView android:id="@+id/lnkLogin" 
android:layout_width="match_parent" 
android:layout_height="wrap_content" 
android:layout_marginTop="40dp" 
android:text="Already Registered? Login here" 
android:gravity="center" 
android:textSize="20dp" 
android:textColor="#3F51B5" 
android:onClick="test"/> 
</LinearLayout> 